pt,eta,n_jets
25.5668809776803,0.8243444013249795,3
32.715676815424814,2.0673958600428706,0
23.047394243357907,0.2051464226250062,1
21.114595814006186,-0.13564844504566123,0
35.007377690451676,1.8104635479870939,1
22.20763379926247,1.1610604991893623,5
28.042229894016053,-0.38517580846046673,0
26.52237700339399,0.006223738390824103,4
34.99015652808965,0.2344570991265583,0
19.008286173637018,0.43417553352597943,3
41.62170342666724,-1.6279198211269368,5
16.2126629610065,-1.850981529361872,2
29.070367009898423,-1.0648680264029444,1
27.192268472366596,-1.1576861316136107,3
15.31674836772082,-0.7725888167670031,1
30.43467716178609,0.7616527705080051,5
19.879085596377134,-0.202714987589686,5
12.273382518804056,0.2356735260122259,3
32.590802797584594,-1.4691640920507139,3
9.399271333206112,-0.5539706435051341,3
13.766744365532404,0.7047091940938085,4
22.89430683647858,0.7139429498121621,2
34.8627370306579,-0.8694885938254895,5
31.4885313334716,0.1939948636554643,2
25.337665119293284,2.6386174241787983,0
7.397887215701195,-0.021117515106765763,4
15.75952899436721,-0.8318243353709344,3
17.936986050332386,-0.20851486723459228,5
11.903493895540485,0.11061252903219965,2
6.035794209538434,-0.18140205682865926,2
23.530948853815534,-0.03762564081180215,3
32.038951634029715,-1.7321361563242075,2
17.094204508191773,-1.1551565701031414,4
34.61947232087559,-0.17920228448579703,2
8.63082438508902,-0.19832156402692405,4
11.435003158079653,-0.6794271298320007,2
23.248593144439297,-0.2124163032917243,1
16.22436303774282,0.07321782649704643,5
30.59407102142791,1.0672961478294303,3
27.874295199875466,-0.11905408227126105,4
16.933223293640673,0.47892384635790386,3
9.214084568491618,-0.6499203617207052,2
15.769890070183173,0.6865148683181783,5
28.250254326521333,0.45087635713482804,2
31.25997255890693,1.0389804038157833,5
16.267442573417707,0.8561525549333854,2
6.0106920892022,0.7064827474573753,0
8.299202325967482,-0.1181008903893363,0
26.993739858125494,0.2939270724533618,5
16.764577744951033,1.2762107141418317,3
17.009379747429456,-0.7824894832833532,2
11.31332632221778,-0.7540893344362387,4
11.173499477883412,0.21771767754043436,3
34.301714371413006,0.49833562831854417,3
27.526759650900463,-0.9889277991168053,4
14.474705327920528,-0.08971507609597003,1
22.289571141536033,-0.11279852907454174,0
24.5196568020285,-2.658336138724165,4
49.84641507398541,-0.2635127871105117,0
10.561340063798859,-0.18878139941815955,4
24.338352678669644,-0.19235153138762298,0
34.208618711668876,1.6990971294927217,1
46.72837495548674,-1.4589579582106504,4
14.01956403993444,-0.9895470854455352,3
16.635336557855194,-3.134634957983201,4
30.75317989921701,-0.5770999994089688,3
7.310214487522455,-0.4747722649512011,0
25.696761529327432,-0.6119726116011074,5
59.494784344605236,1.329212807380512,1
27.218029082178635,1.0327410268043558,0
3.8435973230183667,0.09342806912076497,5
12.377963133231397,-0.44473566424783467,1
14.29442378448981,1.2314276017282366,3
38.50919160339494,-0.023709431803021954,2
19.327318865988204,-0.9819240467021494,4
6.08200522252329,-2.059498412981462,0
20.638406305266443,-0.5295773926748192,0
23.080890920175307,0.9055723406071303,2
15.452767795319179,2.7318464274517074,2
11.045858070482625,0.0739324154273711,4
62.97019013432342,-0.9184266181443651,3
34.269111314755165,-1.4219582499410566,0
35.96424826677031,0.6623458755667185,5
19.351754902746244,-2.117539262861122,2
13.871609661190927,0.6604141216858659,5
15.924391139966183,0.9812539275154947,5
8.614746678138387,0.5235353438794368,0
49.32634266233876,-0.2635940063262689,3
19.820679222245758,0.6779287842561774,2
43.3474218632109,0.20512604535395995,2
16.402708657934685,-0.9337486102327102,1
27.43910412374759,2.220494786850031,3
23.81774720894244,-0.4220152555326196,2
7.986724359565402,0.9309027605398912,1
52.70311982875067,-2.9023371392348576,1
16.708739714207447,1.5317650593371148,0
9.892910913136,1.7625164935854982,5
30.889680996297745,0.03580054455196586,4
21.266491478365097,0.6705252416853101,2
26.05425290245615,0.6702182179290753,2
22.538746137403464,-0.7713402835688691,0
4.194991797331879,0.6565467665272083,1
12.104730790818408,-0.9703565638470664,5
11.794731471316206,-0.7305083083743913,0
35.67504924810357,1.3523317718547585,0
21.736008794026574,1.1695892288402432,5
28.372798653833843,-0.8476506025389511,3
17.332565460205302,-0.8802916122012487,0
29.16369865429158,-0.7747159229492065,2
19.377869041968353,0.8791674797585889,4
18.54045258000145,-1.1999817369724766,2
23.724218653838804,0.4280551668431431,2
22.537457068846255,0.8962161727611535,3
74.0168664614584,-0.10589454035172013,3
12.015297267447334,1.2120764362379133,5
7.3574264728203325,-0.3651722033877509,1
25.727701138054066,-0.25662672119269725,1
13.155804685195147,-1.1726954773582277,0
3.780424675219739,1.2206128171442463,3
10.24635888617528,-0.9198245363746443,3
65.21606469516642,0.41972618125807104,2
11.806101398100981,-0.08557928055112171,4
5.624058317219628,-1.263339675733995,2
62.99108981834705,-0.7309237725879849,1
9.973432239989362,1.6594466868488806,3
86.23854645403662,0.24198905116137662,2
16.875107760441992,-1.2109804096402101,2
52.82334352279228,0.3663939448184302,2
18.286789474470975,-0.17533683791345414,5
27.53206205461965,4.144855682693017,1
19.632398830272777,0.3421486096107269,1
18.370664404923517,-0.4567498164796374,3
24.51239972310897,1.7040335013445251,0
28.105439968317583,-2.2092434007514146,0
23.428956939996386,0.11318418765731693,3
22.035313779840795,2.3933141936172873,3
13.227163885861003,-0.13943914123170487,3
20.087458615414977,-2.0799612535776943,0
49.19542272233713,-0.47510155729271725,5
12.836864671178422,1.745421649150844,2
24.9301909130413,0.45128351558492535,0
40.98452712731671,-1.0066273314150214,1
28.240751866564146,-0.8222913686148288,1
35.887794160424946,-0.671640325379776,2
9.866440797585451,0.4334374608647954,2
24.967306301573164,1.6058353595263837,2
17.739536914345237,1.262907615359005,2
18.207925383739994,0.5472146185309541,5
46.909043719532505,-1.5979737120689799,5
18.386318416092386,-1.5935190167921294,2
25.4385211355346,0.639902425456516,5
5.62946671137964,-1.6145653175194732,4
52.791132553633574,-0.2706804252823251,4
34.725155138153326,0.36498053542341236,1
20.542182057177005,-1.3651127944352266,2
17.255523734591684,-1.229114801230636,2
29.886298835157675,-0.11294527748138239,0
40.70793500517105,0.6043803450288646,0
53.188500788540566,1.273822524496508,3
34.08129192323774,0.7284641217246622,2
22.21454662219424,0.08838791399063343,4
37.04844010445021,-0.8954337042684591,4
33.27299273998648,-1.285088395013423,0
22.26628149705599,-0.6130525059949771,5
32.722935629587745,0.49192270197668053,2
32.375027953317954,0.40394844795281143,3
20.47056022769997,-2.5198823828701467,5
15.25359772673545,-0.9428124339210036,3
30.792921755401625,1.445409061927387,0
10.641499478261402,0.09505805736496732,1
9.060279256669341,-1.7004106957235832,2
25.67451894960015,2.8269854179177814,0
30.315335237232183,-0.03473007877771757,1
25.561717279860446,0.46120075117608955,4
27.21005179928477,0.47942970725416134,0
30.021458679506495,-0.44111455939222327,1
47.007571800692304,-0.8730884181856731,3
34.41436311288095,2.5460099820791284,0
33.82797159313792,1.2038470435413007,1
24.52254971436199,0.9863246413304118,5
25.063562194571922,0.6915470300618528,3
19.463483354898163,-1.2039808684340214,5
26.74417074753253,1.5330362300883285,2
10.277464010656828,-1.0117591896140992,3
47.129488850018646,0.33994415778077486,1
12.293556303204678,-1.9672678865574826,2
34.374867672238885,-2.4490306207770236,1
43.830369549455476,0.38194944318373764,4
34.32883033337398,-0.9709191206338896,1
68.47779724599465,-2.3870010855567276,1
4.404466415452999,0.6487314035364906,2
15.895212378496916,2.544096925260947,2
43.421842172315976,1.667472310296074,1
8.803752901734738,-0.308781462318807,2
12.549648791865533,0.010614368036334865,1
28.940156162492773,1.0652475081406958,5
22.05131290120453,1.3465536238018883,3
27.91507504010727,-0.4122428625908385,5
23.19075304285363,0.04101325886948915,5
24.470024124305983,0.36073776811744374,3
13.388202142655427,0.6646515843345981,4
24.00864352804343,-0.1596917304135203,0
16.591863380286718,-0.14410229408249312,5
18.04547517004517,1.6557987957052658,2
34.10862985258353,1.4514248429314633,4
8.48313569048656,0.572892688123306,1
3.0632928865187155,2.062930884027514,0
32.69800660813309,-0.4637349146717004,5
24.022978549835116,1.9475681383552566,2
43.803467295245134,0.6510185322426606,0
12.777383819325483,3.9252313466575073,3
20.07744679209641,-1.4309783121389732,0
22.55964568819792,-0.8272143026608099,2
14.472179649674445,0.5025573938406572,4
11.707109990119974,0.4766808635747902,4
33.64747478014555,2.340166781010022,2
7.891946217496507,-0.8020496199594406,2
10.422588860385979,1.085902222432661,5
19.666239014623628,1.3949556056183947,1
35.90366046321454,0.845577398664777,0
15.091008184426865,-1.153195610309184,0
13.87655613760231,1.6893105663050376,4
18.955328338606478,1.4751899175784964,2
26.41936218239436,0.7195014237484528,0
17.16122517709615,0.24521722465074494,1
38.53325490053191,0.2713296120532455,0
39.45839235336189,-0.09448295068725326,4
19.66560942956036,0.7689421611031702,2
58.31926719347173,0.03736182353397306,0
22.25262193138562,-1.0182299704231694,1
38.708244813288786,-1.2583099737931105,3
25.98707970035231,-0.9024435043827504,3
25.702594425752316,0.2665586910593421,4
6.576493052168946,-0.03234700372224879,0
9.812214426506046,0.25841255194649904,0
17.72775168595778,0.6009757602553332,0
39.28936434017244,-0.7527851111002547,2
26.205808243693685,1.7587922020144173,4
17.829881623912364,-0.32125299245696926,3
30.487548498617045,-0.5201123817378107,1
38.467978320526605,0.5788634847989429,3
21.416253700037576,-2.2038122428500873,3
24.382354702789602,-0.9486413396675031,1
22.551422871282355,1.1772873584301995,4
20.600085784432622,-2.084906314874533,2
12.684532267069324,1.341089036319787,0
12.030504894828454,1.8133638796309617,2
30.376876238198186,-0.443346405388498,4
38.8843310803457,0.35017532091157205,4
17.808042055261247,1.3429045018212318,1
17.549586629514707,-0.5601470256522236,4
5.237532692754525,1.0413306246314178,2
4.462724761331389,-0.8053785541568059,2
44.571388509446265,-0.5731227519998152,0
13.24691081135525,-0.9592037571899684,5
71.14875784963553,0.41117663903376406,5
14.826309857224276,1.3895628630786594,1
6.7485287458784295,-0.22093551854059715,3
22.659468926824722,-1.5254989918948838,4
33.421779050484204,-1.2992481867441787,3
31.309563847185192,0.47351930564464845,1
35.343182978537875,2.212939696073123,5
11.003517980114879,0.472469999177277,1
43.97459787524406,-0.4642758607815032,2
45.429987481780586,0.9194207602203409,2
46.54667113066992,-0.28739836270409563,5
24.887763878864675,-0.45394226083704764,3
16.94760033163336,-1.1501509268343162,4
15.9934983579318,1.690138613095627,5
6.719453537964975,-3.047049500994796,5
15.040543467262525,0.957431040335123,5
2.851142876933584,-0.5564939253570442,5
6.0155572252062095,-0.4924088777419352,5
24.735152568667505,2.030778187341375,5
18.191471622624004,-0.8569573106400615,3
24.102224165521577,-0.8160829848340921,0
31.964022217257764,-0.15647308670343643,0
26.76914989642457,0.4966168629746859,4
25.444750481835413,-0.5302269387514433,1
20.21564769660099,-1.8886307166430625,4
12.925802011262604,-1.0388378170581185,5
8.855814272812177,1.5376006277574232,3
15.300745176382115,0.08973214696261374,4
20.42322653667126,0.5413047404445864,1
22.008449352639857,-0.3137054486076451,2
35.38653506966615,-0.7913972354079235,5
19.314925160953646,2.013083339850493,4
29.329957087589776,-0.22583022846129677,1
7.456258277479277,-0.5320438554325522,5
24.942920112673924,1.3153708396264074,2
23.910786516143077,-0.8668324306408622,5
43.98309949734109,-0.713672812528796,3
18.20157913872369,0.012296020820277602,3
17.720970582465558,0.0003241249058156421,0
32.09329068543201,0.3115336174838573,2
9.358336193598065,2.5100029072745853,4
24.55941535184913,0.4034978956228445,5
9.01743122029124,-2.85366475530096,0
55.06854970876371,0.39155873211787307,0
16.2607328030163,0.045455993387518594,4
8.592414794361288,0.052140029221749186,2
15.229495103151125,0.29513677127540483,5
24.64865515636523,-0.03441394520975925,0
28.799863845833997,-0.0631345116664668,2
42.68946823512229,0.7356530517249433,0
14.050556443256003,-0.6504969566334011,4
32.9328877486966,-1.1372236027670106,5
6.020450566098464,3.628537743146869,0
10.473204599887715,-0.85902893253748,1
7.615495345323382,0.12017149495209176,5
12.435690431833528,-1.7947923010504407,0
32.083406288501386,0.13976209806170628,5
14.275625672840917,-1.119870660827202,5
16.07894806695885,-0.5309675314200131,0
25.04277082881108,1.2540775989253485,0
28.099125504565073,0.5664114820536884,4
16.39491330962961,0.6820914294897829,0
10.422247588343758,-2.1254458060702355,3
50.05737909560199,2.204274203794815,0
16.464822242827168,-1.43025757313025,3
17.528824373395576,1.8342729771526378,2
18.94712514545289,1.2258526391777833,4
29.83571958179884,0.6927992901416161,5
7.160282215708159,-1.0259817370900577,2
60.95484944420578,0.1819078137834275,3
17.22300677277017,-0.5651056927738317,3
30.42271465655972,0.03484748580635018,5
8.665918078445479,-0.29984671090267184,1
23.553795364200404,-2.4463326078868897,1
55.723223815876565,1.3461409811815057,2
51.382654581944315,-0.0973285878592334,4
29.961664966768318,-0.5817604794026844,5
11.875040176782626,-0.6723926793957212,1
41.41760170273556,0.4301514916401218,0
5.984743978672213,-1.0725076059533667,3
11.58243021487619,-2.706210670168852,3
20.285127470187383,0.4885557638499313,2
6.4221722250603275,0.622923597548186,1
15.207276423080415,-0.23955818961315947,5
33.31682530853466,-1.3774834502280107,5
13.30028131146653,0.10672264906714239,4
34.221088523090756,-1.7574388419763063,3
70.05175966305406,-1.2326767160251912,1
26.809676575820752,-0.9008375238049934,2
33.88150957613453,1.0127268850698672,0
42.21982640003321,-0.4351331405243005,1
16.135762545015957,-0.5374396941317526,2
33.42170150478786,2.345631018493495,2
15.882964040522062,0.4229549966264567,0
25.70509449783254,0.40679341256979124,5
36.34456960168051,-0.4436408942505298,1
12.253297319081863,-0.7156460011641332,3
3.1110404069514197,-2.6236877280205806,2
11.472077743740321,1.1624886383082698,2
39.42638285596734,0.537971646907655,5
10.501639059224544,-0.214999191856096,4
38.18460243500861,-0.16467204220350687,5
11.511700516584519,0.8833731147132661,2
18.568100205942844,-1.8656520876958236,1
21.1555485571988,-0.7078575978645666,2
10.466945273098771,-1.3635634354710364,3
18.69756762902021,2.1258111389840955,2
6.733258566555918,1.0507866382239608,2
17.069114400187097,-2.643231169362437,0
20.10136323485702,-1.8165139519679707,3
3.2566496020603655,-0.15881480802898354,4
11.405424992114236,-0.5669282544869096,3
25.2420764361905,-1.589258649692266,5
9.635981261265268,2.333714685180587,5
27.734607134391883,0.375047896779095,5
29.334979190266836,0.5697795874357098,0
25.177195938294766,-0.8304179390786566,5
33.19253678891501,0.8667289766136029,2
6.397478230466723,-0.4565193131784141,2
37.27845940353902,-0.34001180844899925,2
10.584857766052277,0.7332023517903118,1
22.653449446441982,-1.9547970780723596,5
54.48787553937073,1.916433431821179,3
16.83638969621577,0.21886705766865094,5
21.483282339284784,1.5371330505365093,5
10.630406197372352,-1.290503707942582,2
54.185115962380685,-1.1077981488338315,4
11.422955146347327,-1.3942802659197746,3
30.82785073298105,0.3003572071978066,2
42.17742500792775,0.07917996230189529,4
32.53469126622022,-0.5572941830774166,4
26.102298445481622,-1.2168830314623353,5
22.444507233273942,-1.5199155236770108,4
8.601168916855341,-0.058180680564787174,3
52.83046186733757,-0.5587041355063201,5
24.844133964047703,-0.8227283908299147,0
21.49118315416645,1.8565073833579313,4
9.99953520826844,-0.09879081383128069,2
22.131975646092275,1.5240515207123102,2
20.67146243449151,-0.6399026192192359,4
54.48706132732981,0.29373154055838824,1
21.48320552374641,-0.06657121950760186,5
21.916149728238715,-2.0371467714217473,2
10.086848708817433,1.7140059675166952,2
12.995422048071449,-0.16218432843889904,1
28.733076554654225,0.8957018635595526,2
5.469838233442041,-0.9024344669538712,5
37.16402562770736,-0.19781325789571755,0
37.736926979524746,-1.0402228319080256,3
12.08848647763173,1.483198179316072,5
26.159331565235863,0.37369121694081087,2
42.95730421829885,0.44046423201706575,3
19.652111024517964,1.6298209765259746,2
17.430190373051722,1.3876095562788275,0
18.80073185614697,0.9184110433635424,3
24.810476338872277,-1.7060728164449552,5
14.135271471399884,-0.8348149434200203,3
16.500865548084917,-1.2046657632136233,2
25.105196922425996,0.8730404323509591,0
15.643784725380634,0.2047823301000617,5
9.46839300443459,-1.6686149203567135,5
5.083160938989831,-0.22649305561347305,5
21.739789332665993,-1.792934802862534,2
41.45158391430721,-0.06378778568371185,3
26.935090016256588,-1.9864470047846217,2
9.731507243754853,0.6345929920615354,1
12.931749046165585,0.45355515124088824,1
17.34862127450798,2.289538192016258,2
55.46498673531386,1.0174479473968108,3
57.1534397748471,-0.5074971069870032,0
53.42320027605693,0.9816841119293831,4
23.091677122297185,-1.677196657134214,2
95.63712111810867,-1.1549671244173025,5
13.363403539339512,0.399771038490132,1
16.94690491672703,-2.5898995952975126,0
35.54083682590655,-0.04459294192065964,1
25.183501868065466,-1.2243159505421048,5
26.039457366555098,0.12156846618391626,1
10.904086505337911,-1.293283629656716,4
20.579314207817696,0.5090977649462265,5
13.495423053151153,0.023192908400867542,1
8.164353018578383,1.6804391002575965,3
14.568475094488399,0.008081440921946544,1
25.18770997812857,-0.9223713659537596,2
32.263156187365276,-0.2962630269927395,1
4.933515987444885,-1.6130836764200778,4
21.17279913180853,0.48736470564652795,5
20.010579842521892,0.7078202955783267,1
24.417789603358756,2.9630352440313814,1
9.861174189860623,-0.7462031887252857,4
10.000698086641325,-0.32135348841021927,2
42.08041058624839,-0.6909102293258588,3
12.196230924371244,0.2545364413574689,4
16.43055828849571,0.45802864137553634,0
17.514361132359188,-0.06404981331421293,5
13.664490172282244,1.3035911002476386,2
28.220787448993722,-0.740375404505733,3
26.839941007544958,1.1834088574688544,2
19.464542564643217,0.646197424369299,4
14.193521607896777,-0.014435903878735827,3
18.521748779223536,-0.37792396890857455,1
22.259857596240238,2.912001310477643,1
12.942382244535013,-0.9804103808904953,5
29.445667432970296,0.35751981236209757,3
37.007331152209645,-0.900262884290559,1
46.13595922165541,2.142744898345567,0
44.56213337392583,1.0641915945590443,0
17.443895482502867,-0.8140198546093729,5
22.929107115826746,0.6151139921174741,5
19.235446504699638,0.30923486553186647,2
19.192048990082785,-0.6199497143696865,1
18.440570006743947,0.909797060673808,2
21.412031491442264,0.46716646932529216,0
40.4651450193459,0.2588384566631427,3
25.639217605462193,-0.05030365349079451,3
9.553897353390381,0.5172653911195815,5
36.12578502638678,0.2752651937909513,1
24.21892040568592,0.0709119996300208,1
28.408401701682493,-0.7692190991850761,0
25.341178079760702,2.032519488914991,2
26.028389704133232,-1.2605039320182565,3
26.736453674308706,0.513163462655694,0
5.810116018846841,-0.38428889076171946,4
28.199599810012593,2.1114567233391597,2
13.317190200785939,-1.0841790446686088,4
15.614174712184678,-0.8823159141123985,2
21.308262304076052,-1.1637816759141903,0
50.194469339324066,0.3881580611407323,0
10.735226372156193,-1.6476607914823702,3
20.871490095467742,-0.5742341937093195,3
18.162652478689118,-2.582838987425142,4
35.830897133425545,0.28850562495370863,5
17.84806407498499,-0.6002578305075151,0
24.382958439419856,-1.7856680927182236,1
10.756992487628029,1.3027312835688702,1
39.263575216174715,-1.5692002780619272,0
7.660895975982731,0.9563324280338583,0
27.9773873249045,-0.8412489887853652,0
24.47389426579,1.921885653474511,3
26.60759279590987,0.8994606467113754,0
7.74417982946692,-1.2096574450488338,1
17.619106822358294,-1.1004990626523676,0
34.84691331212065,0.7266302462691719,4
54.409204049996454,-0.31485375685220013,3
19.931643140872914,-0.20321100842563866,5
33.00092544675272,1.5266866341265175,0
23.087633294735554,-0.8984266480439478,1
20.568202104848602,0.10955252661054538,2
16.363861944715612,1.1455533523827672,3
21.372461423466497,0.9709409860627203,0
31.339152650952528,-0.19153520102480698,1
32.81649037044166,-0.34668705702318986,2
8.926216580812953,-2.0865785550251177,0
15.437503564880057,-1.2674939911982348,2
10.386166390839318,0.3820310718896803,4
22.022207296325995,-0.16545862673068343,3
17.228593699431393,0.08991249427947165,2
26.088610778009443,1.2471043315608725,2
27.147691108892772,-1.4247877308747292,5
3.646355322036425,-0.28341636267917997,3
21.272865658082797,0.22645315609346123,3
40.91373354507424,-0.8449919250894192,5
15.441543845464018,1.7177725367129002,0
15.153142641807825,1.090304161935777,0
36.98340518237363,0.3481599925065066,2
33.6845480412806,2.1530781351943036,1
11.13306050882419,-1.7986743355321706,1
31.82253927003395,-0.009271537326818126,0
12.843698026369044,0.4396043627208732,5
15.052020192540144,-1.0974660561527065,3
11.12600523180491,0.36085745018127396,4
8.875575538730077,-1.3278989925454536,0
22.798065136613264,0.8286687819291038,2
7.924749575341672,1.269401721754688,3
23.35135087435858,0.32680008135399397,3
22.91707470502844,-2.2233573780779348,4
19.387925210678603,-1.1601522253992413,4
15.908404033792952,0.6776520038557929,2
13.974035769879658,0.025438372214838963,4
10.170048129341012,-3.2328031412309857,1
46.32901155024041,1.4913964606418884,0
18.863215153632844,0.16398780750459882,5
18.475879653644547,-0.9828895968000539,0
11.491769748108943,1.1939467170799969,1
43.62068454351647,-0.8130480154882787,0
14.551148639800594,-0.8261425411250576,1
24.678770907230632,0.4300231812168434,2
27.4984468896561,2.1372461510907534,0
22.808280414146655,1.9483046135674635,2
7.785199467366789,0.431653798684928,5
31.05581138742469,0.5548627906203837,0
14.455155422578594,0.94979871850179,5
33.494542429140466,-1.5083804104432188,2
20.468968344360142,0.772978004582379,3
28.46837226806516,-0.8808881617722337,2
42.01905773703611,0.3821736801558968,1
30.40355898471742,-0.27296115312880476,0
28.86773877304555,0.6014499925370572,3
31.85933843336875,0.14172415800775212,5
12.545401197089598,-3.6876363249855597,3
34.30013701244047,0.21467005404621672,3
17.977374424121713,0.7705835427591152,3
18.343913055793923,0.5351140180061444,2
22.381964935819056,-0.12310313545029555,0
16.953204408679806,1.9705940303164873,3
10.848995484318317,0.3736477549459933,5
21.373969036579687,0.5252079602317276,1
18.398399642390718,1.2533902728606825,5
17.9950874375876,0.43511159963591856,5
20.072911336778844,-1.0776213040970442,1
3.989578404894665,-2.9260048965355465,3
18.07780669035214,-0.5725450824216977,4
44.953480800445625,0.9131346310573398,2
42.98049704019181,-0.42371559770136696,4
21.823380878098355,0.9614140467380754,5
21.38296579750528,0.17847381110432758,3
3.1137386883601814,1.5456792843146216,5
14.99506100947153,-0.3542600485447933,4
31.678437048192627,0.5611377918812256,4
16.69699188309852,0.607062077442431,5
37.82027118243656,1.8019222471574317,1
36.54253144265124,-2.047964767601133,0
14.806733384665186,-0.5500899294637891,0
22.81125004565949,1.0182193264662045,1
46.941338638073745,1.8550757757343777,4
7.655339467469298,0.2880858151704964,3
16.93090735096371,-0.35124499730578435,2
7.079073444520143,0.9085420424093336,0
11.947726267139545,1.0424432102780194,4
54.5891770629614,-0.4315940144007686,2
16.927294530638413,0.3963687746130555,4
4.854285885645609,1.4166327148943632,0
10.772395530961536,2.268550791929342,1
6.513274801804771,0.8911259510823503,0
23.334491989541167,0.05296667599871175,1
27.265119910062413,-0.06489021124548984,5
34.56015022920323,0.6688758686323475,2
30.714968575050115,-0.1388074109753402,2
7.931017078256535,0.2275685988268659,1
26.471249865473684,-1.2694515174370498,1
19.54397355736684,1.5564686357893909,4
37.38783628658881,-1.3682216725784142,5
32.70995479739312,-0.518534112543615,4
58.561530251634125,0.11711191302217658,4
11.374072346646479,2.3891842558663665,2
10.279511623775484,-0.5072195818227928,0
15.591225976896895,-0.7992189767524756,4
20.023393782984186,-0.6609803008005525,4
13.68201778441168,1.9906766011335748,3
11.782791290374089,-3.3748163922072254,0
25.46081398136349,-1.2032856145783042,4
15.560683772110318,3.277546450991462,5
13.303340464257374,0.7090584881899643,1
7.920067959190313,-1.3271819392070638,0
3.3735254032083546,-0.05030157860972583,4
43.745867832788946,0.080945479281434,1
43.02468130920426,1.015350295086727,4
33.27665585303245,2.2074024033870763,4
28.936363935299784,0.4662620175350585,1
14.651978794309358,-0.6477459636155529,0
29.617761171682293,0.9445013305178451,3
9.770361529255847,-0.8379032362354333,2
22.483509679696798,-1.2400049951868353,5
12.56442545786905,-2.111890646347734,2
29.688528487418555,-1.878154073400481,1
48.7073640679997,-1.0757341873491262,5
10.74392802727456,-1.4133477212410452,4
15.12135241055863,0.3758838328496608,3
22.233889731749123,-1.4392821909888422,5
5.359916149874061,-3.7723995624296927,4
6.7580865736168825,-1.2526941295073588,5
47.916893131367004,-0.5662315772657032,4
25.52642230052098,-0.7265393854463584,2
14.131115146929346,1.8234296151710212,0
20.833821730574677,-0.7362510711469802,3
15.633255540203843,1.0571081558390374,4
22.631409551057907,-0.022779119617034053,5
16.008667353657547,-0.05076567080711848,4
19.859756042120516,-1.0024563466176444,3
31.204328283377166,-0.07053918189692059,3
30.06492753748113,-0.9181153522769002,0
46.42149971674914,0.2040291771054846,0
26.587403170234584,-0.28349955914842584,0
21.639902805700885,-1.1335535198299203,5
50.26836405946256,1.1902732076407143,4
18.60989671402259,0.5122085760257103,1
3.685096155206566,-0.5376752809706978,2
33.51054076119624,0.174591656442372,2
24.775262632211536,-0.10058702580235637,1
21.03124661103218,-1.0411091247159285,2
34.013699336225415,0.0845954748253966,2
16.096249354430757,-0.7452141057688494,4
3.855479804633749,-1.133920602744119,4
34.39458503465853,-1.9473207963198298,0
13.806711034113393,-0.4303288242463568,2
11.043883404740651,0.680364791500468,5
4.045585769037304,-0.8335912240546316,5
32.77484763910807,3.0248504305895634,4
2.566000561208774,1.0628227843832787,4
41.83339390273663,1.5651961591925738,0
17.10775112298417,0.9542916144885103,5
33.664918503838926,2.2234379699262874,4
27.057670342699105,-0.9444023801670505,5
55.4363178756651,-3.0728848627903456,5
26.632696539367178,-0.5353507300234597,1
40.969803228393886,0.6698622906570452,0
14.814198904888702,0.18182036609757415,3
6.736854059420249,0.3305671331613404,2
36.632540231038305,1.5850920032038467,0
6.580487728150992,0.4584690893549995,1
32.569575138624174,0.9586955131092257,5
10.147714448754378,-1.1274752902233107,2
25.05995790398308,-1.314472427059244,1
56.01287382761586,1.936936707629385,3
31.133789162354297,0.12108184217648142,3
18.660328643849375,-0.7478750201353618,1
27.424273491817367,-0.7456733922565418,5
15.16564953889946,-0.7789477459659091,3
67.97279178736582,-0.8507508252550101,0
13.125525831444428,-1.5397773631243916,1
19.938998233622346,-1.8005044826646102,5
29.55415810135212,-0.234005253185303,0
26.279580920955382,-0.7115110443844793,0
28.021359257608268,1.3285911425319543,3
15.370625226785274,0.3516919839202999,2
18.184598893170975,0.3183812160935797,1
35.68257571604811,-0.8917444890653408,2
34.69212114761724,-0.14523409893597083,1
26.646382464397824,0.4332013243577284,2
43.82341265379138,0.8594348876552104,1
36.48519983851877,-0.1126701918220386,3
34.10152154958369,1.2949485351890508,4
6.483316673487131,0.009587170689531256,5
26.45874237561097,0.9514165422212157,0
23.733867657883387,-0.5878226503069803,1
46.95587840585645,-2.17510603988237,1
1.5221749749139089,0.32203078562222714,3
19.25382463867439,0.8703888757759507,3
22.58754176939661,0.6904167981690833,5
10.054053976834242,0.506623993724928,5
11.466313376735773,-0.41830435914598474,4
47.03953539415043,-0.9680955017347107,1
27.959276763321576,0.6620739228525365,0
56.08308638884981,0.51173689943793,5
19.036879003406675,-0.6730789090125915,5
7.707340269640115,1.3313090270304682,1
17.37455320922907,-1.0594386174571206,0
15.533408146726082,-0.7002280545492485,4
31.756142736976408,1.9637102548099978,3
31.03070252962309,1.0422983252806952,5
28.764602945553094,-0.4296111670692271,3
65.73171179601005,0.3448568515722606,4
42.40981691691024,0.18575069342860598,4
12.024962716822937,-3.294736637972854,0
37.160032966446195,-1.087768739368058,0
21.701511625450866,-0.061015940531137826,4
18.712900492107163,-0.42793377187116743,1
45.373030284866346,0.29652307779650466,1
11.504179849654221,1.3553787755375037,4
35.77173167672139,-0.38584294158471294,1
32.629716554062576,-1.2691857553474377,0
11.352988545193547,0.3898219902132543,0
6.30665668672601,-0.3919480002813642,2
20.261627420318522,-0.18727620098628317,3
1.331686749070296,-0.3501284629836944,4
39.581514077907244,2.690205360013183,5
26.399327483943555,-2.688845113197534,3
46.18849372166916,-0.46600068375917536,4
25.351161436764404,-0.004426830778070462,1
47.90899424444716,-0.9373709907393345,2
14.484086232962486,1.0797909985539396,1
28.71199370388684,0.9759092144635673,0
16.575263503183486,-0.057305542186248726,5
19.875814982358687,-0.324808506412433,1
22.54088269666665,-0.1343482010779764,2
26.3500849163119,-0.12574398437737286,2
13.198184336997127,-0.0940476337509152,0
27.920079444133023,-0.2255989218201594,5
21.863575472997937,0.30293917751087135,1
8.040459534318291,0.9038544777934381,0
5.5710847127034135,-1.476312177118292,2
39.66448399720502,-1.2607966790797787,0
19.276429299449564,-2.098221635380228,5
7.398002684297915,1.0396768804291194,1
52.27899325304598,0.30038795182855577,1
29.57104880869803,0.6063210191193248,1
25.940515504648843,-1.715397886036162,0
12.40938667194066,2.141937747456166,0
7.953899249463365,-0.7306210897744292,3
23.754627181276916,0.20184696853350706,1
21.0383443438238,1.0252615928140463,0
10.172130840160385,-1.1843757069552863,1
9.916857121376186,-0.6555892302152001,1
9.55985568981368,0.21500612952104908,2
9.321695980107371,3.428967690557647,5
14.169680189884405,0.3613496914224291,1
25.94567138686928,1.9276333807568617,4
28.534339689186698,1.4468077742303467,4
20.774785267793554,0.4416120437934225,0
23.109429723343624,-1.1870349259568145,3
29.325118980339216,1.271704332981882,2
4.432158937041472,-1.7977324099776564,3
24.20018108045889,1.9210501484125102,1
43.47378371290429,0.24000636986190635,2
18.96571657303887,-3.1802682567578113,0
38.759552513116745,-0.4086073140382067,5
19.183909974090476,0.7847373851075286,3
30.45624039439155,-0.28442864764772,0
25.63584322117997,0.8580069731922879,3
9.447515645650073,-1.0200290012547546,5
11.093849761177669,-1.567178847345129,4
47.907393455322506,-0.08573448365712645,1
34.29480226024488,0.03787880074789774,5
19.991332504399423,-0.4180612212747857,1
18.388583487621005,1.472749375970631,1
12.466335266418977,-1.0202488501668692,0
26.92860818308731,0.3757987287988193,5
13.200731570907699,0.08156396539635027,4
16.906182763993225,-1.8680591425633,3
14.132243106536883,-1.5828362204022148,4
33.08330200501739,0.01429321949835769,1
19.484606176916955,2.377439998424357,0
23.214004133897323,0.6951237742785732,5
9.584766355527336,-2.070761790173559,5
14.068385621461406,-3.732585678143205,0
23.521278279971988,0.8796643116052557,0
6.5912244421679596,-0.11545617951383882,3
18.587165158367107,1.3695191634124433,0
21.164748012873407,-1.0568615048537298,4
8.726195609688904,0.4202549974302314,5
37.79321005546012,1.0154081556334351,1
26.1761226824675,-0.5369563658477782,1
19.39600659034518,-0.5113026842772784,5
13.403569638517768,0.030315397318068583,2
6.391384184644868,0.6512116158723945,1
36.17176554489362,-0.017200805414293124,0
15.918539910140815,1.1687956053113837,5
7.706344473517818,-0.554322227120436,5
13.151135696091218,-1.5940742465557316,0
27.808195310588587,2.3723704417358156,4
24.60467990918592,-0.7255604838509356,0
10.204917174703333,-0.6821305004612968,0
39.81570637548084,-0.07896398528662123,2
7.628458769168978,0.08061733158477741,2
44.448925342978754,-0.4640203709859394,5
23.987263465787507,-0.020920676338810847,4
16.701929503073767,-0.047714677713808745,0
18.203262171533957,0.20978319242496835,3
22.376704650336002,-2.828984950784779,5
29.06747983971167,2.2570515684094192,3
5.521251972766824,-0.17674597624146904,1
12.86357965469998,0.6967471433363824,0
21.947356191064266,-1.653721609840829,2
40.66965388709151,-0.5652003134991003,2
39.803082453187514,-0.8067790395844974,2
49.58631914288623,1.7636685174102542,0
38.73941035047474,-0.7029763282030593,0
12.216641198295644,0.9096959843281095,3
21.111524487477435,-0.7805045432078341,5
38.869287257661114,-0.5431427275847328,3
36.75167774826039,-0.2946601982408231,2
18.780341579590846,1.5406141521951604,5
28.603052718217754,-2.2678231908361424,4
15.861287638776531,-1.5787962663293191,4
7.174802298055967,-2.33676619882778,3
19.814080994988565,-1.3050025437137402,4
19.083471125349842,-0.9739200614305286,3
15.375902646644342,-1.9373775049084667,3
29.13444653727339,-0.8809772959376028,3
18.39109682779273,-2.417657377120098,4
26.82140881405048,-1.2215864685212174,5
32.73905363144066,1.4405044798922406,1
70.17736699375148,0.48430568433732335,4
20.020070415173926,0.22496120660703325,0
40.98950770101628,-1.2033342675349374,3
24.395033755715534,-1.8433019508536688,5
25.232854094176425,-1.3669872906411367,3
20.18760220502521,-0.05185179227521798,1
23.14771528789632,1.0418121356720018,3
18.498123324603416,1.0828409005623845,2
37.02858603272272,0.7567348349799995,2
13.184871212993436,-0.885068236881533,1
7.120834117687657,0.02945979888478564,3
15.050479920766207,-0.38561103604469504,1
14.022014514608417,-0.2414277161937003,2
15.045253715622538,2.4445534763517753,5
19.53895114430007,-2.114400284404335,4
15.081560558303865,-0.28161217910671305,2
19.368750845898887,1.454098688635388,5
15.111997081799597,-1.7590697940402458,0
27.153575749705652,-0.7724969103195004,5
69.82124642999219,-0.6348461970811674,2
24.105695398761856,-0.2679476664647814,4
15.514957272687171,-1.9151485915274606,5
3.092922987640823,0.7143432724056473,3
57.09920806050801,0.7995447390157728,3
24.910631277539814,0.6100503900215372,4
19.262336121188483,-1.0444484091492976,1
3.2753481166187814,0.10381294894475414,1
19.888796679922645,-1.0793282874829049,2
23.030291906418938,-0.3991159929258152,2
15.147854876809214,2.5841615126050534,4
8.190498754728367,0.11483445311550716,1
7.788025112260827,-1.425031891184608,3
57.6053484440063,0.21640240879669662,0
22.633999368256596,-1.6221551112759716,0
15.139058326955587,-1.4388124710180141,5
21.827299021924674,-1.249347763138549,5
20.933068788251994,-0.5331713426348202,5
7.496184687533793,1.1243627947070418,1
35.651523349565,0.6940778376202069,3
18.95157147049849,0.627594393896794,4
22.821323538881263,-1.3187094787086509,1
47.03953607590274,-0.6495772265227784,4
8.375293374330385,0.326401328259826,4
12.729206426776596,-0.7539839824660955,2
25.701275151283,-0.33403972836131807,2
35.25254435246352,0.5296304310359394,1
14.226012595871035,-0.4185272174415624,4
14.764215498975933,0.2712715069224303,5
30.647363015777273,1.911274147223482,5
66.7860347498884,-0.20623055878439706,4
22.26657192956015,1.4152053716630475,2
12.701873928815058,0.6712440807688298,4
10.288556807741218,-1.76069039218412,1
19.50337971967064,-1.322564435116229,5
34.33433609002295,-1.0003150596838757,1
83.11122371338217,-1.02580190031934,2
17.52303832951948,-0.10834769532817703,0
22.288066416214235,0.7375728576981867,0
52.284670545427545,1.5061901000456672,2
25.45206622050269,0.3698101064700987,3
24.205518397603786,-0.5348154672638518,0
46.70749824478024,-2.498689492355849,5
22.60459107005338,0.08470749050080553,0
10.892427385114551,0.03092423243398954,5
41.42502000637213,0.2195145042467492,1
6.561924611366342,2.5274883572439992,2
37.540045789521805,1.4887158554316866,0
21.230235704271585,0.942073101899983,4
17.640449613046044,-1.1544925560859196,4
17.355040218862243,-0.6155936990360922,0
19.456802306225832,-0.11381352831420259,0
16.053430474496956,-0.9304885488124243,3
27.651295178280524,0.6005574299821417,5
16.41672827782935,0.4282906190588454,0
4.792297207510581,-1.305969351665631,1
21.325977908833234,1.4361800509153493,3
4.541343243691002,0.12277240057063235,0
21.240494127530567,-2.0748853760907013,1
15.847720525700808,-0.06161143001396334,0
35.983974760847964,0.33744774710748576,2
18.104082277926263,1.1673508337228886,4
33.04311342986366,-0.40497168375193954,2
30.910278587782173,0.9935259209366486,1
31.40191409384453,0.22457038412425884,2
18.509587072412657,-1.5780655308450953,3
22.092158808669115,-1.6982001281790164,0
27.221208022909245,1.3470718441792184,0
22.50323254778022,1.435181014058123,1
18.128948563599273,0.38749107648566755,5
11.597485806955003,1.7948480654160341,4
21.47716953899459,1.267931818849928,0
7.1415750446648065,0.8203544753756653,1
4.250203445299317,-1.0935737864804063,2
9.805041457655424,2.077714501238812,1
31.192489918643904,0.6435617186499275,5
24.499677437704534,-0.46300652953394594,5
31.37352153010434,-0.8019240063663576,1
13.510566933820607,0.30814053781662826,0
38.080118728017815,-2.0052709018061456,1
7.792858055368399,0.8396079304234351,3
10.069546746878554,-1.144284977632832,4
37.7037271369826,0.44472973058914406,2
23.454045673741312,-0.6259444048297914,1
31.48193344302145,-0.31730245526964435,1
24.561158932762915,-0.9082918473180778,0
14.80342050434928,-0.1934753174169618,0
9.225092919450612,2.2672554552208246,2
5.252969490051448,1.6620715524583687,3
54.764665013684365,0.425374745994548,0
6.361185691123437,-0.03035311867794284,1
45.82652434294762,1.013041428831462,5
22.68627067123244,1.3559644729290679,5
25.011131929583556,-0.995782058649035,3
24.0490756110625,-0.09292664115864264,3
29.240083883578116,-2.1863498754816963,3
12.650407812223182,1.347722532313074,2
3.7445410024276997,2.4780291092410267,1
14.601731490705243,0.0960991495477026,2
27.815683941038202,-2.5500121498836195,4
10.13999503639157,0.7306686198924373,3
38.612403299780915,-1.0849069993788962,4
19.679365845228535,-0.7960193299973519,3
9.477270686560647,0.7518916677492046,0
23.316401343430574,0.30546495061526924,3
27.542783522252765,-0.5857305304063221,5
28.7107588916234,-0.7795267591219972,3
1.1513444732196674,0.1510032662649993,3
37.727587645108116,-0.491358663014841,1
7.339811311839346,-1.3310845603236088,4
37.75735516144391,-0.39907581777403206,2
39.74250432997006,0.40751114790622095,1
9.239818734330312,-0.21372416018356002,2
10.612709302347419,-1.6962103178978223,0
32.403556097023554,1.1868775456506473,5
16.483264175285925,-3.2865737243320003,4
43.08614946051276,-0.5356381860341223,1
49.90279944560521,-0.744238145464699,4
9.469496039584106,0.1778146534456978,0
12.481145092115323,0.6739941693632825,2
22.59627997979789,1.3521177699132423,3
3.645727106150361,-0.8548858480225922,0
5.385135001457198,0.7038988048001781,4
11.524451046426258,0.23498206545775333,4
59.60439552489446,-2.0538472502198677,3
24.702079064628183,2.2806483065209315,1
13.87969616308198,-1.7265301526882393,4
10.552909926635957,0.5033967267716579,2
9.16299534601279,0.4679519330372972,4
14.556549258378919,0.3307641387948925,3
14.012272436044954,-0.593492258593929,0
18.39484029744522,0.9927031813686027,0
28.318794456194063,-1.8724409687317145,0
20.1964991621167,-0.0789945464087075,0
33.522994417357516,-0.6766496118629501,1
17.572257556070895,-0.8127575304804379,0
52.05927332563224,0.5144973449442549,5
33.05396955063435,1.2929742512636198,5
24.299526046006328,-0.41190691420423925,1
28.375237133867646,0.9368173079109329,1
14.817320550206773,0.059688798533518175,4
18.206921119832927,-1.0712786510856103,3
17.76606893862365,-0.30954251188927656,3
12.798170142522965,-0.3593830689499379,5
8.040561294887457,-0.8359918950065358,3
29.279837305955187,0.5141795143870005,4
36.58954962499525,0.2815754252457111,3
26.875266716347525,-1.9087796379233015,3
20.15966588174471,-1.981831194287229,1
65.30169880715619,0.5096213438469053,3
13.763154562441915,-0.9783437145534415,5
24.795592642876628,0.36244938612038874,2
39.617772962230354,0.9371178937310259,0
9.862531684867726,-1.525143404886671,3
30.59548613825726,-1.693844705491422,4
53.99114276173158,2.009318018874354,5
21.20040887298848,0.4218849395549508,3
23.482793074949498,-0.5030887880079251,4
13.817629861408577,-1.1207285431755163,1
28.18502598798968,-0.6125290186887354,2
12.587749817099523,-1.4286868033359723,2
20.434415769098592,1.0600946089087082,1
7.303780448764337,-0.9321013843275849,4
2.199259892584294,1.3122415058595205,5
15.677358079756157,-0.48075470372401347,1
15.514250815772538,-1.2520202203407775,0
16.556835202758126,-0.5115619056165617,4
32.479720067774124,-3.1490001330017,5
37.18017104969061,-0.1449222920088083,5
25.417943456839474,-0.2041430293561903,1
31.16993221724688,0.9896912958575611,4
12.833307101469543,-2.2635659135800554,4
10.801555815745603,1.3942396330362572,4
28.521709617221582,0.9847191539971872,4
9.768897551787262,1.5024522764383952,5
9.00029463083737,-0.0632656512049649,2
84.66920031838134,1.2166762009233065,0
22.043725823868574,-1.765492841888286,1
15.520679671303526,0.8556570782454397,5
14.388435089230686,-0.9253953145199343,5
7.4635379906131565,-1.9816821989075235,0
25.100224372732036,-1.3489686217972328,2
17.545580509070717,0.006637366355124687,1
36.57794886965173,-0.989159049861124,1
29.044438425625515,0.4512882380349599,3
17.168381829236907,-2.1698850660048206,3
4.5231324112899225,-2.552517052339034,2
22.079947416576434,1.6468649209722912,2
20.886117524862264,1.0845601552817212,3
3.7446025838622763,-1.259156203096569,4
27.10836682726272,-0.0035995721646474165,0
9.532422387157121,1.2234084722415886,0
37.67143212739987,0.5030407299487265,2
20.112579734164836,0.17786771542017407,2
14.122582056165985,1.3141848975751165,5
23.985016661619625,-0.8768549702414644,5
23.102916939671804,0.03741413839755444,3
22.593099240771895,-0.02141836595086996,0
34.851754342794166,-0.32731445720525104,0
24.86503984109779,-0.46776661370490247,2
13.30080880506207,0.08744188539418889,3
17.884265581238388,0.04128899518263304,3
45.366453528872256,-1.2581131710414308,0
12.512840951898038,0.9621550918805369,5
26.851562783321214,-1.17166224931951,2
35.58926621526077,-0.26188013345660865,3
28.386542299470396,-0.35433656726406176,0
22.162948130271964,0.429724335191059,4
24.268548559887954,-2.5429247282607994,3
29.438600361616814,1.0690917779153497,1
12.412667213437683,-0.812388417134597,1
20.96939985691415,1.4639559537324651,2
65.0918577767246,-0.5737979094193852,0
27.339299144300984,-0.05861230288081261,5
22.639407428381094,2.2965432480821084,4
16.76594906583287,-0.33280585055240214,5
12.506870019953933,1.4866198616081505,2
24.753439508353537,0.04685410267747211,3
25.779390059559425,0.49850259635218747,2
20.116605409825482,0.0839503072936494,2
79.74266774069531,1.0174219515601488,3
13.246898329621953,-0.8226379354236616,2
11.235938762097668,-1.1808582276230224,4
16.91840580588613,-0.766291428452426,0
20.514368612022345,0.11965245158890925,1
12.073296127796599,-0.26498254266039534,5
24.399746622937077,0.8523298517654118,5
25.97906305786084,1.5656780397858239,4
31.46434112259034,-1.1710060046820103,2
15.219581590310806,-0.8807385499367191,2
43.24599459452625,-1.7234873019754247,0
30.253157488873164,2.4364475889109247,1
13.068046179548261,0.3656033989461922,4
12.036904656116459,0.5757627840618933,2
17.6532453177298,-1.6082500620372577,2
26.016474894239508,-0.0014039868082495598,0
28.25469720406575,0.6110975812957024,2
30.220411933840914,-0.30330922864131,4
62.77345036202432,1.2908467497916734,3
5.717087052649886,2.7741973507713955,3
19.78131268466263,-1.1364753925127422,5
59.86296163719289,-1.226504695172036,1
32.29441843933511,-1.0533072786342919,1
10.761688548001924,1.9274389920197887,3
23.674245976058558,1.2508263804356212,2
19.06344364028944,-0.16263338135237818,5
18.6442671596379,0.043871597281049134,0
15.032639999454219,-0.9798523514360656,0
22.541661423909396,1.0680325892918208,2
38.798024190928544,-0.45588218893026444,2
15.91178771476751,-0.31209184734599915,5
30.349750910261335,0.7305477258351082,2
33.41450795721307,-0.22559392569986542,2
43.04809792345663,-0.28195919219741566,1
11.89831471050445,0.012690246634890089,2
21.481003969111477,0.9544264965516919,3
13.92585132259578,1.9757916905805997,3
22.567142267007362,0.7025834786952984,3
22.47658252025034,0.9639770683491203,2
9.950842880232898,-0.23982487452134926,0
23.36632711762511,-0.8493574358024604,0
64.52568077334897,0.784783478682138,0
28.31860350566247,0.20548898952068562,3
8.550885059325495,-1.707154378499699,5
11.400319782597245,-0.39368354811071765,5
20.82661292201491,-0.0994764281778643,1
11.581705023461598,-0.6125494404341745,0
41.76126492056423,1.7780827134505528,3
7.8148390419712666,0.57580684428266,0
28.432604861497794,1.6478099014663774,3
6.620710666903252,0.3161103139825915,2
20.626628060416245,0.09766540371009326,5
10.454728576690401,-1.1239173811322989,3
31.42474539084542,0.014315439835880064,4
37.88902575341709,0.015664710810528233,2
25.9710665317105,-1.6405366608410799,5
38.870675432902985,-0.6474329637244739,3
2.909487029624282,-0.38793911821963484,3
23.190251646733337,0.4961754528668657,2
28.200880531648412,0.5536201343828473,2
30.31022104441387,-0.6975821783582458,5
5.1614257575801386,0.5626435230502618,2
27.248140945401275,-0.2184947152182204,0
30.688604705724373,-3.4435440298259476,2
23.0340076833479,-0.5816424383418508,2
8.61367051022335,1.2947863681708542,2
14.960315141539628,-2.0181669079532156,0
41.881416281947935,0.13522944049864827,0
39.26870158036972,1.9023134570223443,1
27.902157649444895,-0.9127355436125768,2
31.804156666489295,0.002578896513223033,0
36.69889715886464,-1.5648195086735055,2
27.716681080001642,1.9526773699962865,1
41.218311936067586,-0.09999915239593714,0
40.45787707953295,0.05595221135282178,1
75.67714202468935,1.6251605586067468,1
15.36752501603208,0.7937740735745773,0
15.548569618403643,-1.0507544789960876,4
1.769012922522846,-0.776733508904779,0
26.531550736043876,0.5939175654279584,3
57.92093165514639,-0.748945266075528,3
43.03438505371082,-2.5406919745446324,4
34.05307640751238,-0.06388895836689334,3
44.67656637826969,-1.7762551933497712,3
28.493145783114873,1.939538104276471,4
17.78446335559928,0.21214516531578323,5
65.86054649391403,-1.0862100680922906,1
27.29579335439549,-0.8383588975949444,4
39.96567595335061,-2.2672771054487044,2
2.888429959618919,-1.3193542641366045,0
3.490644993989231,1.219587843048839,3
23.624804278677747,2.67814337459087,5
11.585142673330996,0.8716758158387502,0
24.924345500468952,-0.11045104634523499,0
15.53462188179723,-0.5183512507846999,5
81.75586079064763,-1.1477949762916346,3
38.190861560526386,2.4717190792076886,1
47.085329437672904,-0.22649844223724985,4
4.1747510242731956,2.538755796075005,2
33.79195836994267,1.672223411532073,1
19.111249360051673,-2.0889557176155282,1
47.58686742160074,-0.7991428749111501,3
31.027222297139875,-0.8028541490085868,0
20.85040177623238,-0.09581563692688735,2
9.293848846904032,-0.07237710373650418,1
23.35466329839035,3.5954869144777715,0
41.35147443174119,-1.2926734493697105,4
49.11892724782679,0.27476392279726797,0
17.05433918909898,0.7398092909613637,5
74.44976490866306,-0.001886405363035419,0
39.55304721569078,0.13221669333762961,2
11.750370129116165,-1.2537706731679046,0
9.942964697184859,0.1277834335232181,2
19.868736735637576,0.6136787954092463,3
17.0269841366284,0.3931207011253543,0
28.625233047870168,0.6842410846945097,3
21.895123173628534,1.6951294807634782,4
17.953729281926957,1.12435985029721,2
6.920357846422204,0.08555353619692435,0
31.575395605900585,-1.4061100222599334,4
6.462461524361051,-0.7200063296533433,1
39.62599180811767,-0.26355738230089837,0
4.602105848067787,0.3028149976097368,2
6.166113972870208,-0.573999313799274,1
11.712978139346504,-1.1228798390212218,0
16.06534535726831,-1.4258384269444044,4
13.97560122544727,-1.9814133108666372,3
16.02041051478925,-0.28194084452948265,5
25.221419779206897,-1.763598530484366,2
11.902530861817967,-1.2006308209888705,2
25.361316624827115,-0.472682247413163,5
2.9271581638749193,-1.6031007712697205,0
11.59451137597435,0.4557026261984363,2
5.924395649405106,0.8882676763268247,4
39.36746396841852,-0.6593124237304783,1
13.0058952010318,-0.5244327691320021,5
30.438915188090593,0.6449157241668929,1
5.0864326719293995,-0.8567941166816148,2
48.66231144605922,-0.9392806939167541,5
22.679321278785324,1.4357981738235484,1
62.39172664977906,1.0610252864553444,5
21.11413436358486,0.7218600028127035,0
6.986348385073378,1.1107735456729113,1
10.603761875109534,-2.3727344704408355,3
18.318150749953073,1.6246026561517288,3
10.895048503700842,0.4704745399004906,5
37.16096054965389,1.2129376608068818,5
22.262459287704377,0.46459413493963514,4
10.991177733198201,0.05870978961618743,3
33.927183695108894,-0.3303710548344655,1
16.787487304708296,0.4405732522634465,4
33.038385840329425,-0.37409749068546255,3
15.078701277922267,1.0414513200781348,0
29.21224794434921,-1.9037479734626404,4
16.40702064821994,-0.6498910341531333,2
37.1685140835453,2.4537878981719756,2
5.181500707506566,-0.7512965562868709,2
8.747638040821773,-0.28642046767617363,4
19.376581542496154,-1.0590971200200914,1
13.406580183449734,0.4030148074629887,2
16.080512191577476,-0.8835178681706338,0
31.202073551168212,-0.2227331217684601,2
15.859519034164993,1.0186398432420847,0
25.90783048475103,-0.838516102577779,3
11.537327077464155,0.946333343118265,5
4.277484912786421,0.9866751786724277,2
32.91932698490267,1.2659473136631525,5
54.95132573845815,0.16864919390164834,5
24.301909274978136,3.889510892372143,0
20.04969268276227,1.2654404358504983,3
22.76336115089889,0.38985314928819187,3
44.86826076206328,-1.0511092968980822,2
24.478453074699534,-0.11647095104896917,4
33.8555563510955,1.7115923722800408,2
32.98577070913076,2.0514415387515226,0
38.98916121579466,1.773994920528275,3
19.777851213767633,0.9422307680755435,1
14.944490863825978,-1.5067922475546862,2
29.40511253245072,0.5845941813908041,3
37.409822988395675,-1.489682853663597,4
41.52354215869943,-1.7849654320569102,1
48.02694048816238,0.2869904214926863,2
35.47951645946719,0.6278393367237005,0
14.401083688874452,1.0840525181769656,2
24.28430503338446,0.5965634884633128,3
22.991040795622915,0.6379031828912979,3
21.47713514539743,-1.1815831019908516,1
29.44012883385833,-0.12597202162159962,0
18.643129250515962,-1.8085401427613852,3
18.660420602815154,-2.4040429552802345,3
56.85129092634367,0.8887712518116889,0
20.431698374110894,-0.9037492725491505,3
38.827144899923645,1.0469982025716642,0
40.1247731961398,1.3300170934560465,2
24.692153896025822,-0.7431807895478372,3
19.128225418331755,0.7083733134663589,4
11.866995486354472,-0.7933880743363699,4
6.385468882415127,-2.215054649552189,4
30.687998700541634,0.14797128533095008,1
27.115486149103308,-0.5650486556589128,5
33.36324803002967,-0.5281068127045581,2
15.58148243287159,2.3704117414146304,2
60.115773420244196,-1.8310283792792061,4
28.55129115550225,0.4594453624457652,1
19.95038741899607,-1.1937686845737017,0
4.042886379962024,1.0899136911207892,4
16.743721518896663,0.35811748341007893,3
34.28844708188444,0.4552132190167363,3
47.32184776988351,-1.1338675411227117,0
21.940709003149696,-0.918705495945988,3
51.723678861539256,1.1127006088150633,1
11.245674114839078,2.1249572660730753,3
27.605685206435844,0.5763693806690245,3
28.071261713802507,-1.0769048649257194,4
30.833023328022875,0.40672622695448185,5
23.81325257894418,2.912966453205131,1
26.71194602252659,0.12290737286269403,0
11.05716291435541,1.7542090312723193,3
44.75268756530885,-0.8883952390064543,5
36.64251718711827,-0.050503261963664135,0
26.08761303129602,0.743478247350651,2
37.138480205190774,0.4767939699154369,2
45.567232847563766,-0.919666416133393,1
30.570716425369458,-0.9714209485567196,3
63.78522394901888,1.1859412837231902,1
32.06930022272172,1.429860975180174,2
12.289467626796553,1.814572269746304,5
25.30503167610111,2.164716579903441,2
37.975379758551924,0.16154332358711573,0
45.59226289004844,-0.37343909307791207,5
24.120912947043394,1.6211891265341627,1
11.625347127440374,0.855683138221904,4
18.867876427551373,-1.1789463104011098,4
8.242400714146669,-1.2403627986226937,3
34.00516522473148,0.5903162416275709,0
16.608609068301103,-0.21272959378079953,5
13.635757291643273,-0.031715945688837045,4
35.94213678585985,1.2870400376522335,2
51.136306872277956,0.9108445739820428,5
13.595931051087407,1.595847898102118,4
24.21679389715374,-2.3178433276480397,4
19.370181947084838,0.304077500665441,1
46.792300465974236,0.8336262268766481,3
20.783768171447598,-1.8319030280252206,1
10.868875626057598,-0.7858747695719666,0
21.40294647269932,-1.0085821947947027,2
41.3141258307471,0.02603780527189942,0
18.658553317580257,1.9534247624328764,0
14.565291067944852,2.427107285597881,4
20.205411337645337,-0.9771450636879386,3
11.115753411239057,0.631868700592289,2
19.354404397160195,0.6705574225707781,1
15.302156021536867,0.4651509258176973,4
70.34292269430682,0.4787755616870808,3
4.904688943019398,0.36449100294159364,3
12.25235802074734,2.0250841449677037,1
14.557900312880687,1.3229598172416692,0
11.169135694025865,-1.2721846771179206,0
27.765766735040238,0.9548652970566591,0
13.432196665320578,1.0708480494137425,5
7.582141342906574,0.3779607445821467,2
22.92322267536827,1.3577092446032752,3
17.980846621197177,0.2256888411588446,5
13.862240356945335,0.24056126529150088,5
46.12888914925189,0.14548865361245195,1
28.320441252711888,-2.4218929029596024,2
26.47311448670559,-0.09647807268704879,2
28.692271927575028,-0.8019006893454849,0
27.83091792023574,-1.4237375738310687,4
18.567385020799087,1.720821941687427,3
13.528091052041763,0.6050490222413493,2
23.231211309067774,-0.03579729713345737,3
18.351783869128475,-0.6777640213229116,4
4.846341391761989,0.35540350155448824,0
10.491717707315967,1.1897233119810158,3
16.903417464618343,-0.9923590122563289,5
36.387347545243,-0.005794046731932009,4
23.29295536123539,1.041679798621407,3
11.93760429111817,-2.323201354900956,0
9.853839603613704,-0.06908371488648485,4
40.883655809345065,-0.5151496446570463,4
19.113105562774884,-0.16059582930604077,2
1.5346517674711913,-0.6019542676462836,3
19.886482977390298,0.16514952624875473,3
31.958597803054985,2.3083526645072614,0
9.635627973886422,-0.3887069687142612,1
22.228100404368167,0.35005321091292796,4
23.51932370199956,2.3936957020909353,5
10.058273859305885,-0.6600186940470664,1
43.01146017488884,2.177610418714763,2
23.767340850424066,0.006387607952528682,5
16.847619282350838,2.1382754710379115,0
19.194107528854516,0.9002413499355828,1
8.711510935069779,0.36853003509890603,0
8.444606924260587,-0.07875681826390384,1
15.845442191053275,-0.7488497278550527,3
16.492166824798627,0.09094985995722331,2
18.40643440262113,1.0768337508240289,5
45.17637206746686,-0.01573371719600469,5
30.960751718009124,-0.37994736607422924,5
5.524536735534608,-0.30093904101332747,4
40.36084665245059,1.1909719362996638,4
15.764946531863803,1.470193746119827,3
32.70376666414758,-0.8005806165220445,5
16.593009134033963,-0.8023054289369876,0
22.855840734496102,0.45523070360053475,4
9.201037903583074,1.8330384777087056,0
25.964307980526463,1.375188369975072,2
34.8726472600835,-1.5022226546158939,1
6.414540629629401,-0.31689116399023454,3
35.18450660632317,-1.1167242656274148,4
13.490252458528513,-0.3210150262983099,0
53.39806591310901,1.9252919952424252,3
33.054653304567296,-1.7071207785396205,1
29.789135757094876,-1.942638351936228,0
19.264647631314663,-0.9942649841203228,2
77.5836706992273,0.34477272309119134,3
15.829796306019048,0.7449057847689081,1
10.664921830304188,0.5249381218338398,2
13.81011085638708,1.4108224838772196,5
38.509141227156476,-2.115702713080715,2
22.59143599281443,1.4260038460307245,5
20.604452234343967,-0.37451438405554976,5
15.98359015782115,0.8777931717658412,2
19.946598578940165,-1.5881105121158452,3
15.274313636430609,0.0059480364108842115,4
31.432559315618207,0.2835249247068163,2
18.142837550405844,1.3869012449981017,2
13.981979013208601,-1.9023055471293182,1
36.67636005825248,0.036903058241884994,0
10.905001630688723,-1.3022823493705715,0
22.78515511971188,0.6065952530499301,2
4.818174968544237,0.9326598437473514,4
7.933341955847142,1.5446042910097053,1
16.917833574893486,-0.6420353451700493,1
15.092089958849261,1.1126717828265484,1
15.07695557366293,1.6330819049724636,3
33.229426211975415,-1.97189636382656,1
34.35313037205315,0.7348139041181406,1
25.48150206241062,1.1502135045361273,0
10.49847641074103,-0.31047166366492485,1
19.850194887952007,-1.4529282930301302,1
57.644618672804405,1.1315469073315958,4
73.31409804021212,-1.4394105930693082,5
36.88050813122424,-0.21402172141308282,2
10.790313582892743,-0.04814886936399483,0
19.95912877805258,0.8586456620447993,0
24.490943276540925,-0.7519578714150391,1
22.333586859629854,-0.821500426593426,2
39.09479320734436,0.11869857451573308,3
32.39295107127724,1.207668573143699,1
10.384395328405878,2.7449400007837763,2
14.207326021669603,-1.8089774397345293,1
36.79233771453537,0.37841042134389374,3
46.01846159830819,-1.3038420314811503,4
24.673681243697292,1.222573491848091,0
49.2415382790633,-1.1262534567710796,2
23.02436002745449,-0.8095778618187885,3
11.692610929094366,-0.7071250308767955,4
30.715141959307488,-0.09143872646376466,3
91.46127948984397,0.387837116230449,3
8.762287692597521,0.5804416723302163,4
48.19798034466971,-0.006921055419339892,2
29.716307614216014,-1.5958692269286976,3
13.649990299964692,0.873343380372227,1
4.918275564910922,-0.06355039639563351,2
3.4001694621579084,1.3940817480176386,0
15.056874383235881,-0.849286535375924,2
26.942333923942826,-1.9227296728211933,0
35.269764842119486,-0.040831203219690325,1
39.97678491603529,1.5551432259411178,2
25.548458210007574,0.19313056393926095,3
23.23795543171505,-0.23960375900742784,5
17.278370617038632,-1.0444164211889198,0
27.32893985081778,2.109319760016987,5
13.789545708791147,-1.235523113861735,1
9.105834354259382,-0.8704731091538879,4
22.376960401451957,0.6840410353008274,4
33.735397696990944,-2.2272248278641475,5
7.729354284479542,1.5295087984576077,0
15.05787691168763,0.7490317370608267,5
21.87584165467824,1.0790772861733315,0
21.596171512819126,0.669740414339585,5
29.25650927927261,-0.1933482209476441,3
56.72269685999721,-1.2757784521865074,2
3.430181686465958,-0.16809052946995276,2
58.155578973363234,-1.1702835741031616,0
55.306252038399506,0.5833863720916602,4
35.60607086159917,0.968135796657722,4
24.39963364027132,1.7721703574378491,5
13.973162342735069,0.4461211686634358,4
35.356717747422636,1.1094904279142235,5
25.157884434937742,-0.3565736846761706,5
17.515585578991082,-0.5739325656098337,2
34.830973305320676,0.5684062689801617,4
38.32366410417883,-0.4637674472602905,1
45.81609910273313,0.32302294659318925,4
12.952039225060428,-1.273430627202505,3
42.497092483822726,-1.0579532189715612,2
17.725309546422082,0.7624911612219482,3
24.440710467833938,1.0640280904873154,1
27.342049034244923,-1.1827874027600165,3
40.54452001056352,0.8047371726077048,2
32.792363276290125,-0.6392828076423296,1
17.32749192046344,0.0198062114403719,5
3.8597757145924874,1.7003332989487763,0
29.05293310554177,0.9689846808275382,4
23.833669872942554,0.9550463856266314,1
8.678051107479225,2.29054843014836,1
25.562731152716005,-0.8446552092597573,0
21.705536250902075,-1.1830499699910548,0
45.5616910676987,-0.8665467242743088,0
60.39666179217955,-0.30540126408793805,4
37.779299734767584,-2.825460737150272,5
20.934212806628903,-0.24891388403617243,3
22.927709909076274,-0.6534848782738942,0
12.640464360819553,0.9405117208773587,5
14.314419162573424,0.42290325481204805,3
20.18243533785806,-0.7208359533232044,3
18.878423857525707,0.7079530144354848,5
8.308503663693092,0.8679156717885235,2
45.830557115923234,-0.9222549477496929,2
49.48441564701022,-0.5916291064589021,4
44.996713292843005,-2.670435824517579,3
50.43814346976527,-1.3087919692431418,4
70.27192470390578,-0.890963472508294,4
12.805189460220598,0.08899941192722613,5
68.57368651368444,-1.1344592152317783,1
17.259328250538275,-0.6161423844589308,0
31.637437660779515,-1.470396817899119,2
6.8284503851445395,0.20533667823752474,3
15.843495679378478,0.5108575135018891,4
38.39980919620113,0.4828384181037868,1
32.528061913628896,0.014833358286311195,4
17.043328983198247,-1.849287595801673,4
22.921408562288093,-0.7439443966714211,4
14.753237646761121,-0.48876800678218135,4
38.33918168205769,-0.48395437550475034,5
47.56917481761153,0.08997746158780363,3
12.844885919661959,1.7106496468452226,2
21.506724148854268,0.9745154552215196,2
8.05406574779584,-1.1850213358184334,4
25.10158190128707,0.8140834503559603,1
29.71006352060561,0.7683628411988834,3
26.347216356570172,-0.9672809675418779,3
28.346017228179452,1.0186391071625267,3
20.105071688828357,-0.19245196313431603,2
20.406503400375744,-1.6919441880173338,4
19.81582621435746,0.5462432695645701,0
15.527155120217758,0.2603541883374291,4
16.816345769146615,-0.27321315502299326,4
28.918643841685984,-0.04494370197995941,5
45.858136090195224,-0.8629025746661544,5
11.308008658671874,0.7321566045565313,2
20.35869015458207,-0.052140761410711146,0
9.65009436643196,0.1997386127378735,3
15.715369822329897,0.42857030931464696,0
17.46809083113922,-1.3855027373115898,1
24.043458686037617,-1.0731396262584623,4
23.639270509586602,-2.651933351539451,3
21.387370647639194,0.6776907101884885,3
27.539617896263866,-1.4546520284961195,4
12.086025339278587,0.15908365187478277,0
24.164096867072644,0.44518586992746334,4
33.068698450414814,0.7228234066710243,3
11.980289390284335,-1.444820296603271,2
5.799743332328721,-0.07819394176882925,2
38.162573854283906,2.004336504945299,3
9.87916329442611,2.0571776159811797,3
15.210469408175179,1.184787712832341,2
32.52278063700369,0.40499176658260744,1
11.556869363117372,-1.206127666614453,1
36.668960708028095,0.8623459504692635,2
13.7711152299612,-0.18962547449620906,1
12.641535436127356,0.6726339303274133,3
9.685207601851378,-0.75941214582254,5
13.854963189282318,-0.20751973540791466,0
30.028257735420105,0.19697683209170969,1
15.212283155122147,0.29553370979263005,0
38.25148453317155,0.5924672573522978,5
21.92208113186684,-0.6950339814298793,4
23.10187838049857,-1.6119413425322433,1
12.377663874114965,1.9497420478797536,2
41.47788343058727,2.9871050028280295,4
33.22345473818156,0.5369048534428543,5
32.68724022814655,-1.5887905136761324,3
19.39349225493658,-0.927834140211452,1
8.824802626501329,0.6109410828611629,4
23.8498012764994,1.6093387340175431,4
29.29256208378765,-1.4554687614502273,3
29.462425657712835,-0.14919938501868146,0
27.194707130179665,0.23511847733276284,4
26.53680668187002,1.0374941415430494,0
13.726086624822099,-0.4123213132804552,5
14.179636544113878,-1.8765776295863095,5
9.753597965882955,0.7454370713434828,3
38.50347732744744,1.3497551582054856,3
58.86199377794004,-0.09910975409419283,0
90.5072367489524,0.48628810956771745,5
24.84384381303996,-0.5693894753124847,1
26.57640933232972,-1.014927353671073,1
19.87947276612866,1.2317108166566624,4
24.612561218380932,0.4649950173773531,5
11.52536260552083,0.588442319282259,2
19.629874336621654,1.8025381775935356,3
12.712338667379179,-1.2658108011822877,3
18.073082922856536,-0.6624315217913065,1
13.450079586023465,0.18952001860163464,3
29.301523332559782,-0.6771758853134903,5
31.44961198433322,0.9397638423269401,2
26.097053731508467,-0.22487906508478087,4
14.219069320357336,-1.1910393689966274,4
9.26981330966683,0.0789260102251939,5
31.653061944350668,0.20440652496814551,4
21.851049480681397,1.1216184754755965,5
5.604953205160243,0.4717690837769092,4
23.731882453361354,0.5533756696318027,5
26.693008819704225,0.38435002080866976,4
7.137377311203214,-0.2258670255503165,5
29.597110414901948,-0.8594629381335176,5
7.988196483407039,0.3466060219912512,5
13.211234198429482,-0.39974971906036877,3
8.028247546439463,2.0277871445292184,4
12.297308511856244,1.6106187537278625,5
9.32835297732185,0.7594069588219299,2
38.36551868066955,0.45416032715158267,0
18.748393709267823,-0.10555086117741252,5
16.322349938277892,-1.513348477616562,3
40.42888865681775,-0.2594066679863587,2
39.25996154783975,0.12168004008630802,4
17.160564129280132,0.2753477693335947,0
25.79947326532354,0.5634436404189913,2
14.941682013329359,1.105596237453222,1
20.539744766159163,-0.8305848860314405,1
10.54759726829125,-0.8196907286508135,5
28.0237269940908,1.7410280156917906,3
41.33113302705402,0.9251779070317783,0
37.280138115999236,-0.4689251305599854,2
22.468168682519565,-0.1286534027426841,1
5.172677241076889,-0.12325673600987824,5
14.496617401054964,0.037888946737659586,1
20.52406831909456,0.5672197106863358,2
8.472288781441753,3.0419912953197974,2
7.426284538517791,0.22770787339518292,1
47.7619678495247,0.7951177805103008,4
34.83252080835847,-2.0237720474281713,3
29.287429072617073,-0.581879991334602,2
32.55663560153139,1.474578003259926,2
9.54832361726367,0.482778469627939,4
12.020200316363368,-5.266937501837804,0
24.88801526166379,0.8088278427794361,5
26.045031391648685,2.3017972735545227,3
8.111496733427526,-2.395089103343752,1
23.854322513371645,1.8232652107746146,3
20.75426458120735,-3.326346756751114,5
36.60750721888985,1.1255987340640958,1
26.120416371886037,-0.010378351214688242,3
50.830994872807494,-2.8199654582935394,3
17.221822105141392,0.5353653926877437,4
10.009700106806907,1.3810076989824702,3
50.07983895411215,0.43666440458588773,4
26.923019583471344,0.7017931644715356,4
20.82879497034767,-0.494011334806874,5
12.327534273319024,-2.2336677062652264,2
17.348829829041613,0.8302368268044771,4
16.775367664459562,2.0997047033355547,1
9.698985542508957,1.3554970250729508,5
3.936414940088457,-2.3854509955216154,5
16.525894015364578,-1.8178732886531206,1
33.032054108849835,-1.0151612901568086,3
43.31624331804247,-1.911570541536172,4
37.41801993798114,0.05302790346724692,0
38.65031406394441,0.4720989662166274,4
10.520460229059431,-1.716303939890841,4
25.165532760561963,0.9325541511306338,5
29.419300298204792,0.7213247328240168,1
30.507463846467793,-0.6577909498124437,4
20.547294500404426,-0.20702638318078095,4
23.37492440432132,-2.339761410783638,0
36.79244855305275,-0.3987145875444889,4
28.808610565731303,0.008861968956390916,3
31.915559264988666,0.2024971142738275,5
16.043818819990204,0.4546522944242087,0
30.961419453075948,0.29309009187668666,5
23.190504343363035,-0.3172124367188046,3
34.71291333656409,0.34343393106518005,1
13.723032837288573,1.2024383919722974,2
33.124589413813,-0.11459768797157324,4
17.498243055520064,0.3811138689980121,5
33.211174908056805,-0.22340527519694212,1
25.261358193591764,-0.7761106997754855,5
22.18223029281007,0.627455600301125,3
18.0989780336744,-0.6662711330042462,1
20.883485008435045,0.4633762811906287,3
16.550552872870036,0.03390644581205461,4
17.864606874263615,-0.36472161182417184,0
28.364539340971152,-0.3937713985759928,0
6.349777436393449,-0.6097451908988242,0
32.95362102252412,-1.9749614065068164,3
33.269090614827945,0.45947411419403045,0
18.43940935940978,0.27785619033398457,5
23.738493177566728,1.0196043029381925,0
11.455733356224698,-0.6377482827681539,0
27.309005025973974,2.2744603505720007,1
12.44372116486688,-0.4556831374195597,4
1.919293840650854,-1.050131570633635,5
42.3873604039034,-1.1924219038111978,1
10.593362996591232,-2.0807068838755947,3
20.610779875219357,1.8391534708717532,4
24.274383548088288,1.6452808689223943,4
28.328185550613433,0.7208941954617095,0
21.727743059651505,-1.0753065693309358,5
25.54308096767325,2.1735212178709435,5
18.17049145903983,-0.4220629938259871,4
7.269338280380386,-0.3228309974719828,3
21.225348096909283,1.7247108965232913,2
30.587783866320223,0.7906927013770467,5
11.04673447116926,2.641323766505512,5
24.42207819630709,0.29846671238282346,3
56.48371542325954,-0.47643695949446974,4
20.387737772260753,-0.7341658601517549,2
21.028797770734148,-2.2163954126287524,4
6.819747161433996,-0.33431492736744534,0
10.156183737213745,1.3735120065928565,5
12.535506077985412,0.718601007187283,3
29.904806515060148,0.024369607872486973,3
11.56977422193319,-1.193921332579595,1
5.101270547822724,0.27224762161528465,3
26.981632495330974,1.2153764462344478,0
13.308174579027217,0.5168631077639814,5
7.026816200999467,0.20008220356003098,4
32.01215164495174,-0.9563491839374472,2
16.892573393662886,1.0406181769344152,5
28.450567195787276,-3.758285782493017,4
6.841556110028854,0.459414850638174,0
3.586439380357899,3.0843863771335185,0
23.068983877234942,-1.8100480647982162,1
9.902388286565358,-0.2896433456416392,0
22.87302740486394,-0.009493188149671691,3
23.16812107994547,-0.5550993768678925,3
21.437937402758187,1.2436490910707754,3
38.47689444357326,0.5669412172263611,0
83.26911856061307,0.18276044705678315,5
26.705236479237318,0.9567270734031361,5
56.452651552931236,0.020100850886090642,3
17.182585647487866,3.8158373865882167,0
8.605354647791847,0.18161632038808934,2
13.905105450458388,0.2343385181876452,4
17.83295156950257,-2.0525616594879303,4
59.12102183284146,-0.6521403927641085,1
22.180097229580284,1.3768532181597715,4
39.28961797114346,-1.6025482204318469,5
16.288834876607826,-2.5890686091623456,3
15.045430790769375,0.038778565425089784,2
6.625839396899993,1.6448934089699736,3
58.06051831286224,0.05085747443535076,0
46.69525007046029,-0.40334952315161227,3
24.57198672269688,-2.230185525289176,0
18.49401184882142,0.542704947242632,0
22.6913502875107,0.7935301306596538,3
8.352718039822882,-2.1380789989213205,3
28.419248554426417,1.3614389384366625,5
44.54141957237741,0.9188346310705309,3
45.80411719735761,1.3587791310568145,5
6.843945472909433,0.7002301102000102,4
39.08419420831093,0.7844192505735822,2
8.394276303622952,0.6248650784420866,5
3.8209120337496314,1.0421667858014347,2
39.92010059165184,-2.182509322948702,3
15.456540765338968,-1.8012713203458175,0
36.76919171276803,-0.883209480227726,1
34.915573394103745,-0.15578420600706389,3
32.411855584170816,0.46576430796981527,1
22.524169091788966,0.38961798387462004,3
9.09125560839464,1.3405269737472374,0
17.85712770947361,1.3781943582964211,1
46.23457846382087,-1.0468621299525513,3
37.311274335680324,0.2862913320605655,3
18.45032246812788,-1.017397857266206,5
18.30742487620644,-0.22589644602427997,5
30.764724207740827,0.3861496428581937,4
23.513821097114693,-4.090454491766029,0
19.052246807324703,2.893492847567621,3
29.288801995676188,0.6796904128769702,1
28.72489005909445,-0.7148439304960871,1
14.159531681749144,2.3128437062762734,1
26.341616792330022,-0.41691740458343324,2
27.713562564876703,0.15902326299366928,0
21.498080477640165,-0.5845389724771527,3
13.172053962780012,1.982390204932007,0
17.50838428050286,-0.12598164756705643,3
11.426355051143531,0.1793809208874111,3
26.764368482964247,1.4445385836305353,1
6.8742678219681785,0.7021673489532918,0
48.91847319300269,-0.06521767816088632,4
43.36833708538439,1.3324691668289554,4
28.100917638715842,3.0461798753135425,1
36.07446206146669,0.38089253855930555,5
34.71185996315221,0.14011210544707967,1
23.730893903516392,0.20475250034289785,5
19.3836574352178,1.572515400997821,0
18.038952635693274,-0.7190372820395069,3
49.93167937202242,-0.3339810716539932,0
12.857290074852067,-1.8449315389519694,1
13.027549022559253,-1.4206414351679684,2
37.8894716561742,-0.6213600032375645,0
35.87703026249277,-0.06712439287250725,2
18.687320907178588,2.1228999909241435,1
29.862483455082085,0.6431913659102693,0
32.1504252817511,-1.0944942122277526,5
8.7718750587184,-0.8735765824369384,5
44.944278901096006,1.6496984198767852,5
32.14394919557783,1.3519324183550308,0
28.40587484036775,0.033779892269043675,2
32.28769524720729,-0.5310317586465987,1
26.43957355853103,1.3499194028455714,1
20.750728448378183,-1.1919925520696237,2
4.904095638752892,0.47043647766902763,3
23.857394492505307,2.7271907890719973,2
8.196288067973699,0.24642681870174896,1
61.00379307348447,-0.9307313751139251,5
20.537838727616002,0.49244244320584535,5
60.421158658726405,-0.564010462818417,1
24.099654915894078,-1.6729390125040973,1
14.955500852170893,0.8412432322465281,3
44.21920620962399,1.3414012806596667,2
27.739718260669207,-0.3730880064870872,5
73.27875604830692,-0.452682808915528,2
14.708098221733714,-1.1538784693461954,0
45.26304491286149,-0.1799227205610799,0
46.615386945598864,-0.674842059507829,0
33.69201651632926,-1.2132392240439065,2
46.83375198833109,2.2706025964795273,1
20.82904138753962,0.5597913800994088,5
12.814176380170908,0.6868741296352228,5
15.833606613752249,1.0600794827189124,0
23.115638118768192,0.9252434601117664,5
34.687757438718776,-0.49573194335605775,3
13.420106984409696,0.32706314756576066,1
18.048961114565408,-0.32283658111279234,2
14.140125734593633,0.526156349731992,2
38.24050433117641,0.41002906314979704,1
60.15407494154974,-0.4591923130370423,5
11.377981726982583,-1.595158467506159,0
30.68070496874535,0.1754844683586092,0
40.97358011901019,-0.2451233853687587,1
19.7137115840276,-2.2684466972505097,0
8.523649063297945,0.609194122666461,0
43.987191485829705,1.1584105346913305,2
8.137621150899669,3.0340277702507406,2
51.30964987128019,-0.46943700398479327,0
13.944072680008894,-0.6464542758588813,4
7.268702300743826,-1.3313052365270897,5
16.599468420558726,0.2503702877844085,4
22.01524790743352,0.2427818166700261,3
24.865557364110817,-0.9735556017440989,5
32.17391292911255,-0.2099158584046081,2
26.209195189526444,-2.374398800267228,2
57.4152731753973,1.1116520973998958,0
21.38965763384404,-0.9248151116066001,4
27.034513080635868,-0.04158762169557515,0
25.714993306136964,-1.7120321055573349,3
6.621995236604183,-0.698824319353888,4
9.94371808166597,-0.33550938422103266,1
23.17186231898758,-0.013549016352996162,3
28.980361001534696,0.5756790186270141,1
4.736164803166788,1.7268901001834642,2
58.896064688119054,0.8792531313232275,3
30.349686706570953,1.1545974517754938,1
22.3911927253745,1.7353249319317658,4
29.54228039094729,0.683649457827237,2
15.996457252503028,-0.044048634742794406,2
25.026212614783617,1.2109342875060662,4
27.419403059392764,1.287611143153988,1
44.27969369305204,0.7782790055592423,2
20.234393402691097,-1.7455531164433233,5
8.302079418927002,-1.009752183713577,2
12.58986624120934,-0.32982492483658077,0
19.24163338241884,0.935545224883079,1
8.98513589438605,-0.025615702884671698,5
11.677401271303935,1.364242360140676,4
12.668755455116397,1.5782839544931373,4
18.442272838751002,1.4390045624126475,1
30.120650022216346,1.446648677376344,5
17.900799422397583,-1.244392685590462,2
31.307401402422233,0.5791625993469309,4
22.403810906299107,-0.7290348491464995,5
11.949134396129532,-1.978879597631038,1
27.68994404579832,-0.34496535846700344,5
25.216763244362713,1.5896843587527016,3
31.785808621489842,0.5528904121421562,4
35.589081733274845,2.4213712459270704,4
45.067060061289126,0.21267617432173383,1
30.70694513480824,2.937363304311489,4
24.7256493882466,0.21302547062046148,1
31.870053158661037,0.026976355384483636,1
16.802068599504434,-1.5352681055057955,0
16.01894391346656,1.3326752883513213,1
48.539242172809026,-0.6025501547285746,5
15.719978470875638,-0.7764571672904724,1
12.887635716756257,1.5374766765150865,2
30.697428298599096,1.3898672025551486,2
16.892658477055615,1.3584616406528147,4
35.38315040223867,-0.43462936086597737,3
43.208101714569466,-0.061171038366301965,3
14.098074390138585,-0.07182527723502174,5
32.84310826920904,0.9390218168068777,2
15.479872474693957,1.8642776021930758,4
19.49681491310185,0.44177586623808834,5
26.95184583097407,2.36986930242883,4
16.041444083506367,1.0766333016396736,0
25.542291391460942,-0.2817592729373019,1
20.494812794623243,0.9944536873547698,3
35.83720011917631,2.0471283344505276,2
35.88977686004348,2.397946780009601,1
16.091814883286126,1.4242696135188968,2
27.30961026196634,0.030809344389599067,0
38.985491085345956,-0.26003190486710454,1
11.54761867301697,0.691283404273669,4
20.4170522583156,2.0087693943252556,0
26.6185188242329,0.5205229466573419,5
11.214000012553948,0.5454382462425731,2
17.31302586118246,0.06167742518051077,4
54.089317659781685,-0.3934692751574549,1
15.690117570329983,-0.19456140797270136,4
16.802134580360836,0.16251118229463601,3
7.269752542953996,2.0617199954877865,5
30.502596418377856,-0.28765653423696214,0
10.302390468104612,0.06313449109365675,4
20.68799094379317,-1.0384531924878104,1
12.97054752673452,0.8599572797677862,2
25.513797363545624,1.640015014461939,0
2.1331305628348076,1.9493974151481068,5
23.479986246564046,0.2440374296348525,3
27.048827145421942,0.6892251399350826,5
17.593266673814973,-0.18426038660404562,3
18.284153166379426,0.633622415633427,0
16.261428837847955,0.3767581829990573,2
20.523303943460757,0.06991726470178479,2
48.89949327022971,0.16530443073255535,0
36.47055676814709,0.5423067400723784,5
20.511243034739483,-0.3529829218146771,5
17.316866407223166,-0.2909961504936399,3
34.55211632858384,2.0488344164058643,3
24.557138688066516,3.2526561226156594,4
11.025878098035019,-1.4452403382408525,4
19.09353279432966,-1.5113654452512704,0
46.02239071956374,-1.1485833933697798,3
29.812750882117108,-0.12394609804626608,4
17.43514038919904,1.0749366132447082,4
7.888199290247717,0.7095035304579264,3
25.439095343664206,0.206437364136562,5
22.476658056367384,0.6347226563494787,3
20.128917510956573,-0.8305033879540433,2
34.77105930285766,-0.29294732610314267,2
30.02474304515794,-0.02411345805095618,4
8.08451136488147,-1.901059606646223,5
22.55150775022784,-1.3935722456671151,1
9.566943028628403,-1.3458792735331908,1
16.432923336573616,0.9169298684205291,3
9.074250433245737,0.29442593828689967,4
9.304554861137342,0.7332734400887316,2
27.263563625694733,-2.207585987762957,3
25.719384134169495,-1.7802800232619238,0
21.563255550474626,0.7958585283077945,1
15.549456278371846,-3.3344035699992607,5
8.609235097580854,1.4695552291197655,3
16.48098151122784,-2.1879805722273478,5
25.786196152997608,1.0120138703099741,1
25.444236525596267,-1.0663015497083552,1
45.4904339888419,1.258684458205899,5
41.892385709551384,3.8497930966997935,5
22.07522450108893,-2.7278131561453507,5
16.373363783412096,0.8344525774327781,1
13.186358271682145,-2.1697952563124874,4
7.682860964866184,0.5121227066610049,2
10.295053040555619,-0.2481265962622727,5
25.808319649002733,0.15573878695421195,5
31.21181304411587,-1.0940235315938842,2
18.45491357070165,0.9366493313958004,1
71.90680627345671,-1.7380294055644572,5
10.3635734299656,1.4899647154784883,2
7.146064823188439,-0.4911003679322191,2
71.2080568903927,-1.6832288128837074,3
8.315060880586966,1.9139241880088378,5
18.300575247730652,-0.08081118337098374,0
13.905873102731483,2.2891631645304313,5
26.923482216814495,1.4656273551760106,2
17.46425630465137,-0.957774845743722,0
31.267523418986574,-0.10198776112409869,1
35.17047032036913,0.1452455275962892,2
7.628469169937905,1.831563839983727,4
12.906979846061759,0.525021256040538,3
32.79914773428364,0.21155114531575112,0
39.155858591028036,-0.23985550451796922,2
24.176860592616624,-0.06066844302556692,1
28.077014260916236,1.5655105028139893,1
47.10727694629597,0.004446420956969219,4
17.599324813457415,-0.4739967255578096,4
24.02215694424035,-0.6774085987364242,0
41.91836021608975,-0.6645181846033944,3
43.387544842893,-1.682515195251318,2
20.617062742777193,-0.9004503699917747,2
13.17559106108762,1.7981043307803877,4
20.48022768420455,-0.2479191126809959,1
21.674301554991132,0.845294002267318,4
12.866583790786649,-2.974507821481001,2
14.126543002243931,0.681973570759055,0
43.42131661751595,-0.19362324524293648,4
28.825085003698653,-0.5777280274686105,5
18.355328418287893,0.21715194890535805,3
10.797921171415624,-0.5949903045744334,4
14.234910417470726,-2.548649903866027,0
6.731882916118896,1.1066975294063248,2
24.54718001665737,0.2916210736178316,2
13.739167383341169,-0.37673094569742216,4
25.684912977610196,-1.1594224464869247,2
32.60951124732836,-1.763829019328562,4
25.902843648909684,0.2686712484816691,1
16.995161239983616,1.9361291522704307,3
12.441900761910974,0.2437997720892458,1
9.76102421380849,-1.6593139273113913,3
41.09536194465671,0.27014007244608307,0
25.254565933621823,-0.0640115546960735,4
17.592642760234227,1.0368523512890764,0
30.20210529858871,0.7280798128940718,5
37.4666928564213,-3.5829870409319082,5
13.9225013979421,0.6542906453141482,3
24.81509541561249,-1.2041752914049004,5
25.106904078474063,-1.7060744897384388,4
45.99378649436147,-0.22616809244827646,0
17.44251459238869,0.4931653308360138,4
12.15144959845423,-1.968881532344189,2
26.414521450923672,0.8454917004690617,5
